2,178,549 2,094,119 2,228,337 )**( תורחא תועקשה
21,426 1,316 77,536 )***( םירזגנ םירישכמ,,,
2,199,975 2,095,435 2,305,873 תורחא תועקשה לכה ךס
5,086,328 4,787,067 5,497,754 תויסנניפ תועקשה לכה ךס
1,967 32,487 5,490 )***( םירזגנ םירישכמ ןיגב תויובייחתה,,,
"30 םימיל תתחפומ תולעב םיגצומה ןוידיפל םיקזחומה םיסכנ ח""ש יפלא 2","228-ו ח""ש יפלא 2",439,"ח""ש יפלא 2",006-כ לש ךס ללוכ )*(,,
"ח""ש יפלא 2",497,"ח""ש יפלא 2",033-כ לש ךסב אוה ולא םיסכנ לש ןגוהה םיווש .המאתהב 2024 רבמצדב 31-ו 2024 ינויב 30,2025 ינויב,,
.המאתהב 2024 רבמצדב 31-ו 2024 ינויב 30,"2025 ינויב 30 םימיל ח""ש יפלא 2",249 -ו,,,,
.םינבומ םירצומו העקשה תונרקו תונמאנ תונרקב תופתתשה תודועת,לס תונרקב תועקשה רקיעב תוללוכ תורחא תועקשה )**(,,,,,
.תויצפואו םיידיתע םיזוח רקיעב םיללוכ םירזגנ םירישכמ )***(,,,,,,
3-76,,,,,,
