747,745 482,392 4,093 261,260 2024,ראוניב 1 םויל הרתי
: ורכוהש )םידספה( םיחוורה ךס,,,,,
6,728 13,978 8 )7,258( )*( דספהו חוורב,,
21,118 21,118 - - תושיכר,,,
)16,069( )16,068( )1( - תוריכמ,,,
759,522 501,420 4,100 254,002 2024,ינויב 30 םויל הרתי
דספהו חוורב וללכנש םישדוח השיש לש הפוקתל )םידספה( םיחוורה ךס,,,,,
6,553 13,805 7 )7,259( 2024 ינויב 30 םויל ןוכנ םיקזחומה תויובייחתהו םיסכנ ןיגב,,
