.רושיאה תשקבל,חוטיבב םיחטובמ רשא רושיוו יחטובמ לכ :'א הצובק תת
ולביקש 'ג ידדצ תוברל )'דכו קסע /הריד/בכר( תוירחא,
הדמצה ישרפה םהל ופרוצש ילבמ חוטיב ילומגת רושיוומ,
.ןידכ הדומצ תיביר וא/ו,
ידדצ תוברל בכר חוטיבב רושיוו יחטובמ לכ :'ב הצובק תת,
המלישש חוטיבה ילומגתמ הזזיק וא/ו התיחפה רושיווש 'ג,
.ראדר ןשייח לויכ/סופיא/טלפ תלבק יא לשב,
ידדצ תוברל בכר חוטיבב רושיוו יחטובמ לכ :'ג הצובק תת,
"רושיווו ,רדסה ךסומ וניאש ךסומב םבכר תא ונקיתש 'ג",
הנעט לשב םהל המלישש חוטיבה ילומגתמ התיחפה חוטיב,
יאמשה ידי לע העבקנש םיפלחה תולע ןיב שרפהה רבדב,
וא/ו היקפסמ תשכור רושיוו התייהש םיפלחה תולע ןיבל,
היהש םוכסל תימצע תופתתשה ימד םהל ותחפוה אלש,
.רדסה ךסומב ןוקית תעב םלושמ,יחוטיבב חוטיב הרקמ תורקב יכ ןעטנ
רושיוו )'בויכו קסע / הריד / בכר( תוירחא,
ישרפה אלל חוטיבה ילומגת תמלשמ חוטיב,
"תוארוהל דוגינב ,הדומצ תיביר וא/ו הדמצה",
'ג דצ תוברל בכר יחוטיבב התנעטלו ןידה,
ילומגתמ תזזקמ וא/ו התיחפמ רושיוו,
תלבק יא לשב םימוכס ןידכ אלש חוטיבה,
"אלש תזזקמו ,ראדר ןשייח לויכ /סופיא טלפ",
םבכרש םיחטובמל חוטיב ילומגתמ ןידכ,
שרפהה תא רדסה ךסומ וניאש ךסומב ןקות,
יאמשה ידי לע העבקנש םיפלחה תולע ןיב,
היקפסמ תשכור התייהש םיפלחה תולע ןיבל,
תופתתשה ימד םהל ותחפוה אלש וא/ו,
ןוקית תעב םלושמ היהש םוכסל תימצעה,
.רדסה ךסומב,בכר חוטיבב תחטובמ
.חוטיב רושיוו דגנ,4/2025
זכרמ - יזוחמ,21
