747,745 482,392 4,093 261,260 2024,ראוניב 1 םויל הרתי
: ורכוהש םיחוורה ךס,,,,,
22,773 15,070 3,297 4,406 )*( דספהו חוורב,
56,423 42,623 2,111 11,689 תושיכר,
)34,006( )23,096( )232( )10,678( תוריכמ,,
792,935 516,989 9,269 266,677 2024,רבמצדב 31 םויל הרתי
תויובייחתהו םיסכנ ןיגב דספהו חוורב וללכנש הנשל םיחוורה ךס,,,,,
23,247 15,582 3,259 4,406 2024 רבמצדב 31 םויל ןוכנ םיקזחומה,
.'וטנ,תורחא תועקשהמ )םידספה( םיחוור ףיעסב ורכוה )*(,,,,
3-100,,,,,
