250,952 74,707 144,299 104,098 200,993 הפוקתל חוור
:דספהו חוור יפיעסל תומאתה,,,,,
יוושה תטיש יפל תולפוטמה תוקזחומ תורבח יחוורב הרבחה קלח,,,,,
)3,217( )821( )862( )1,426( )1,712( ינזאמה,,
העקשה יזוחו חוטיב יזוח רובע תויסנניפ תועקשהמ וטנ םיחוור,,,,,
)476,483( )26,470( )408,297( )270,482( )452,109( האושת ייולת
)150,667( 29,094 )102,690( 12,972 )124,865( םיריחס בוח ירישכמ
)54,010( )33,736( )1,242( )57,333( )2,349( םיריחס םניאש בוח ירישכמ
)44,781( 4,023 )46,802( )7,088( )49,690( ןוה ירישכמ
)75,324( )9,447( )45,472( )25,592( )55,375( תורחא תועקשה
39,831 9,690 )9,294( 22,989 27,190 תורחאו תויסנניפ תויובייחתה ןיגב ןומימ תואצוה
)4,"322( - - - - האושת ייולת םיזוח רובע העקשהל ן""לדנ לש ןגוהה יוושב יוניש",,,,
)19,193( - 690 5,"003 690 רחא העקשהל ן""לדנ לש ןגוהה יוושב יוניש",,,
