631,303 623,403 7,900 2024,ראוניב 1 םויל הרתי
:ורכוהש םיחוור ךס,,,,
5,839 3,563 2,276 )*( דספה וא חוורב,
61,083 59,676 1,407 תושיכר,
)8,882( )8,419( )463( תוריכמ,,
689,343 678,223 11,120 2024,רבמצדב 31 םויל הרתי
ןיגב דספהו חוורב ורכוהשו ושמומ אלש הנשל םיחוורה ךס,,,,
6,311 4,111 2,200 2024 רבמצדב 31 םויל ןוכנ םיקזחומה םיסכנ,
.האושת ייולת העקשה יזוחו חוטיב יזוח דגנכ םיקזחומה םיסכנמ וטנ,תועקשהמ )םידספה( םיחוור ףיעסב ורכוה )*(,,,
3 המרב ןגוה יווש תודידמב ושמישש הייפצל םינתינ םניאש םייתועמשמ םינותנ .3.א,,,,
