792,935 516,989 9,269 266,677 2025,ראוניב 1 םויל הרתי
: ורכוהש םידספה ךס,,,,,
)13,962( )12,239( )197( )1,526( )*( דספהו חוורב,,
19,465 15,699 3,766 - תושיכר,,
)16,280( )14,038( - )2,242( תוריכמ,,
782,158 506,411 12,838 262,909 2025,ינויב 30 םויל הרתי
םיסכנ ןיגב דספהו חוורב וללכנש םישדוח השיש לש הפוקתל םידספה ךס,,,,,
)12,735( )11,000( )198( )1,537( 2025 ינויב 30 םויל ןוכנ םיקזחומה תויובייחתהו,,
