רושיאה בלשב ןה,הרשפ ימכסה ןיינעל םייפיצפס םירדסה,רתיה ןיב,םימייק תויגוציי תונעבות קוח יפל ןונגנמה תרגסמב
.תיגוצייה הנעבותהמ וא רושיאה תשקבמ עבותה תוקלתסה ןיינעל םירדסה ןכו,תיגוצייכ הנעבותה בלשב ןהו,,
תססבתמה,הצובקב תיטנלברה הרבחה לש הלהנהה תכרעהל,ןהב רשא,תויגוצייכ תונעבות רושיאל תושקבבו תונעבותב
"הרבחה לש הנגהה תונעט יכ )""more likely than not""( אל רשאמ ריבס רתוי",הלביקש תויטפשמ תעד תווח לע רתיה ןיב,,
אל וב םוקמב וא,הנחדית,ןיינעה יפל,תויגוצייכ תונעבותה רושיאל תושקבה וא תונעבותהו הנלבקתת הצובקב תיטנבלרה
תוחודב השרפה הללכנ אל,תיגוצייכ הנעבותה רושיאל תושקבה וא הנעבותה יוכיס תא ךירעהל הז ינושאר בלשב ןתינ,,
