)93,944( 14,526 )2,052( 282,463 200,993 1-6/2025
)50,784( )100,850( 3,143 253,067 104,576 1-6/2024
)43,160( 115,376 )5,195( 29,396 96,417 יוניש
םישדוח השולש לש הפוקתל תודחוימ תועפשהו ףדוע יסנניפ חוורמל,הביל תוליעפמ חוור ןיב הקולחב ללוכה חוורה תורוקמ חותינ ןלהל,,,,
":)ח""ש יפלאב( דקתשא הליבקמ הפוקתל סחיב 2025 ינויב 30 םויב המייתסהש",,,,,
"םיסימ ףדוע יסנניפ חוורמ תודחוימ תועפשה הבילה תוליעפמ חוור ללוכ חוור כ""הס",,,,,
)62,555( 22,348 - 184,506 144,299 4-6/2025,
)36,656( )83,678( 4,951 190,568 75,185 4-6/2024
)25,899( 106,026 )4,951( )6,062( 69,114 יוניש
תואירבו יללכ חוטיב ירזגמ תואצותב רופישמ רקיעב עבונה דקתשא הליבקמ הפוקתל סחיב חודה תפוקתב רופיש לח הביל תויוליעפמ חוורב,,,,,
רטנמלא רזגמ תואצותב רופישמ דחמ עבונש הבילה תוליעפמ חוורב הדירי הלח יחכונה ןועברב .חווט ךורא ןוכסח רזגמ תואצותב הדירי דגנמו,,,,,
.רתוי הובג םוכסב תואירבו םייח חוטיב ירזגמ תואצותב הדירי דגנמו,,,,,
לודיגה תעפשהמ רקיעב עבונה דקתשא תוליבקמ תופוקתל סחיב יחכונה ןועברב ןהו חודה תפוקתב ןה רופיש לח ףדועה יסנניפה חוורמב,,,,,
ןוכיס תרסח תיבר רועישב יונישה תעפשה זוזיקב תאזו דקתשא תוליבקמ תופוקתל סחיב יחכונה ןועברבו חודה תפוקתב תועקשהמ תוסנכהב,,,,,
ןועברבו ךוראהו ינוניבה חווטב הרומאה תיברה רועישב הדירי הלח חודה תפוקתב .תויחוטיבה תויובייחתהה לע תוליזנ יא תיימרפ תפסותב,,,,,
.םוקעה לכ ךרואל תיברב הדח הילע הלח דקתשא תוליבקמ תופוקתב רשאכ,םוקעה לכ ךרואל הדירי הלח יחכונה,,,,
ביטקלוק תוסילופב ןה תוומ תועיבת ןניה תועיבתה רקיע .המחלמה יעוריא תא תוללוכ תונושה תופוקתב תודחוימ תועפשה -תודחוימ תועפשה,,,,,
2023 רבוטקוא שדוחב ועריאש המחלמ תועיבת ןיגב הנשמ חטבממ יוציפ תללוכ דקתשא ליבקמ ןועברב תועיבתה תעפשה .טרפ תוסילופב ןהו,,,,,
".)2024 תנשל םידחואמה םייפסכה תוחודל 'ג1 רואב ואר םיפסונ םיטרפל( ח""ש ןוילימ 8-כ לש ךסב",,,,,
1 - 16,,,,,
