882,569 1,687 880,882 546,498 64,655 )10,908( 55,359 225,278 2024,לירפאב 1 םויל הרתי
74,707 17 74,690 74,690 - - - - הפוקתל חוור,,,,,,
478 - 478 558 - - )80( - רחא ללוכ )דספה( חוור,,,,,,,,,
75,185 17 75,168 75,"248 - - )80( - ללוכ )דספה( חוור כ""הס",,,,,,
- - - 162 - - )162( - תחפה הבוגב,עובק שוכר ךורעש ןיגב שדחמ הכרעה ןרקמ הרבעה,,,,,,,,
957,754 1,704 956,050 621,908 64,655 )10,908( 55,117 225,278 2024,ינויב 30 םויל הרתי
.םידחואמ םייניב םייפסכה תוחודהמ דרפנ יתלב קלח םיווהמ םיפרוצמה םירואבה,,,,,,,,,
3-7,,,,,,,,,
