2,292,542 - - - 1,602,134 303,056 1,299,078 414,714 275,694 חוטיב יתורישמ תוסנכה
1,910,939 - - - 1,304,570 315,093 989,477 394,144 212,225 חוטיב יתורישמ תואצוה,
381,603 - - - 297,564 )12,037( 309,601 20,570 63,469 םיקזחומ הנשמ יחוטיב ינפל חוטיב יתורישמ )דספה( חוור,,,
666,945 - - - 476,673 130,234 346,439 122,580 67,692 הנשמ חוטיבמ תואצוה,,,
468,347 - - - 285,395 156,759 128,636 130,519 52,433 הנשמ חוטיבמ תוסנכה,,,
)198,598( - - - )191,278( 26,525 )217,803( 7,939 )15,259( םיקזחומ הנשמ חוטיב יזוחמ וטנ )תואצוה( תוסנכה,,,
183,005 - - - 106,286 14,488 91,798 28,509 48,210 חוטיב יתורישמ חוור,,,
יזוחו חוטיב יזוח דגנכ םיקזחומה םיסכנמ וטנ,תועקשהמ םיחוור,,,,,,,,
266,127 - - - - - - 2,059 264,068 האושת ייולת העקשה,,,,,,
: וטנ,תורחא תועקשהמ םיחוור,,,,,,,,
2,656 - 150 - 2,506 2,506 - - - תיביטקפאה תיבירה תטישב שומיש ךות ובשוחש תיביר תוסנכה,,,,,,
71,433 )1,909( 26,585 434 33,143 4,411 28,732 12,215 965 וטנ,תועקשהמ םירחא םיחוור,
74,089 )1,909( 26,735 434 35,649 6,917 28,732 12,215 965 וטנ,תורחא תועקשהמ םיחוור לכה ךס,
340,216 )1,909( 26,735 434 35,649 6,917 28,732 14,274 265,033 וטנ,תועקשהמ םיחוור לכה ךס
319,210 - - - 78,227 12,733 65,494 24,034 216,949 חוטיב יזוחמ תועבונה וטנ,ןומימ תואצוה,,
53,332 - - - 38,385 9,623 28,762 18,156 )3,209( הנשמ חוטיב יזוחמ תועבונה וטנ,ןומימ )תואצוה( תוסנכה,,
)58,845( - - - - - - - )58,845( האושתה ביכרמ לשב העקשה יזוח ןיגב תויובייחתהב לודיג,,,,,,,
15,493 )1,909( 26,735 434 )4,193( 3,807 )8,000( 8,396 )13,970( וטנ,ןומימו תועקשהמ )דספה( חוור
198,498 )1,909( 26,735 434 102,093 18,295 83,798 36,905 34,240 העקשהמו חוטיבמ וטנ,חוור
3,140 )3,586( - 3,586 - - - - 3,140 לוהינ ימדמ תוסנכה,,,,,
11,205 )22,459( - 33,664 - - - - - תולמעמ תוסנכה,,,,,,
32,107 )27,448( 18,328 36,733 - - - - 4,494 תורחא תוילועפת תואצוה,,,,
27,650 )506( 28,072 84 - - - - - תורחא ןומימ תואצוה,,,,,,,
ינזאמה יוושה תטיש יפל תולפוטמה תוקזחומ תורבח יחוורב קלח,,,,,,,,,
1,426 - - 1,426 - - - - - העקשהה תוליעפל קודה ןפואב תורושק ןניאש,,,,,,,
154,512 - )19,665( 2,293 102,093 18,295 83,798 36,905 32,886 הפוקתל הסנכה לע םיסמ ינפל )דספה( חוור,
848 - 848 - - - - - - רחא,,,,,,,,,
155,360 - )18,817( 2,293 102,093 18,295 83,798 36,905 32,886 הסנכהה לע םיסימ ינפל ללוכ )דספה( חוור לכ ךס,
3-44,,,,,,,,,
