853,178 1,679 851,499 516,897 64,655 )10,908( 55,577 225,278 )רקובמ( 2024,ראוניב 1 םויל הרתי
104,098 25 104,073 104,073 - - - - הפוקתל חוור,,,,,,
478 - 478 558 - - )80( - רחא ללוכ )דספה( חוור,,,,,,,,,
104,576 25 104,551 104,"631 - - )80( - ללוכ )דספה( חוור כ""הס",,,,,,
- - - 380 - - )380( - תחפה הבוגב,עובק שוכר ךורעש ןיגב שדחמ הכרעה ןרקמ הרבעה,,,,,,,,
957,754 1,704 956,050 621,908 64,655 )10,908( 55,117 225,278 )רקובמ יתלב( 2024,ינויב 30 םויל הרתי
.םידחואמ םייניב םייפסכה תוחודהמ דרפנ יתלב קלח םיווהמ םיפרוצמה םירואבה,,,,,,,,,
3-6,,,,,,,,,
